﻿[
    {
        "Subject": "Math",
        "Level": "Easy",
        "Questions": [
            {
                "Text": "2 + 2 = ?",
                "Options": [ "3", "4", "5", "6" ],
                "CorrectIndex": 1
            },
            {
                "Text": "5 * 1 = ?",
                "Options": [ "1", "5", "10", "0" ],
                "CorrectIndex": 1
            }
        ]
    },
    {
        "Subject": "Math",
        "Level": "Hard",
        "Questions": [
            {
                "Text": "√81 = ?",
                "Options": [ "7", "8", "9", "10" ],
                "CorrectIndex": 2
            },
            {
                "Text": "12 * 12 = ?",
                "Options": [ "144", "154", "124", "120" ],
                "CorrectIndex": 0
            }
        ]
    },
    {
        "Subject": "Science",
        "Level": "Easy",
        "Questions": [
            {
                "Text": "Water freezes at ___ °C",
                "Options": [ "0", "100", "50", "25" ],
                "CorrectIndex": 0
            }
        ]
    }

]
